scenario,backend,scale,n_datoms,clients,op,count,p50_ms,p95_ms,p99_ms,max_ms,throughput_ops_s,errors,reps
point_lookup,pg,s,984803,1,read,33687,0.191,0.649,0.743,3.265,3368.700,0,3
ref_traversal,pg,s,984803,1,read,10289,0.915,1.254,1.365,5.449,1028.900,0,3
aggregate,pg,s,984803,1,read,1088,9.172,9.708,10.090,12.763,108.800,0,3
predicate_scan,pg,s,984803,1,read,205,48.908,50.596,51.199,57.870,20.500,0,3
pull,pg,s,984803,1,read,11592,0.845,0.963,1.027,4.137,1159.200,0,3
as_of,pg,s,984803,1,read,5977,1.643,1.991,2.142,10.047,597.700,0,3
since,pg,s,984803,1,read,5243,1.890,2.004,2.097,4.442,524.300,0,3
input_bindings,pg,s,984803,1,read,11411,0.814,1.160,1.255,4.063,1141.100,0,3
concurrency_sweep,pg,s,984803,1,read,12776,0.793,1.242,1.368,3.401,1277.600,0,3
concurrency_sweep,pg,s,984803,8,read,102347,0.823,1.239,1.381,6.487,10234.700,0,3
concurrency_sweep,pg,s,984803,32,read,325690,1.113,1.495,1.582,14.812,32569.000,0,3
point_lookup,pg,m,9850258,1,read,33550,0.191,0.650,0.743,3.236,3355.000,0,3
ref_traversal,pg,m,9850258,1,read,8515,1.131,1.459,1.554,6.157,851.500,0,3
aggregate,pg,m,9850258,1,read,173,57.659,59.074,59.918,64.397,17.300,0,3
predicate_scan,pg,m,9850258,1,read,99,612.583,627.577,682.471,682.471,1.650,0,3
pull,pg,m,9850258,1,read,11177,0.876,0.990,1.052,4.237,1117.700,0,3
as_of,pg,m,9850258,1,read,5021,1.962,2.339,2.541,10.781,502.100,0,3
since,pg,m,9850258,1,read,3271,3.047,3.149,3.278,5.949,327.100,0,3
input_bindings,pg,m,9850258,1,read,10115,0.922,1.254,1.346,4.770,1011.500,0,3
concurrency_sweep,pg,m,9850258,1,read,12625,0.867,1.215,1.317,3.276,1262.500,0,3
concurrency_sweep,pg,m,9850258,8,read,90670,0.906,1.453,1.592,7.307,9067.000,0,3
concurrency_sweep,pg,m,9850258,32,read,307182,1.113,1.700,1.810,13.666,30718.200,0,3
