point_lookup,duckdb,xs,98565,1,read,3356,0.581,0.652,0.677,1.403,1677.57,0,1
ref_traversal,duckdb,xs,98565,1,read,758,2.620,2.826,2.869,3.285,378.77,0,1
aggregate,duckdb,xs,98565,1,read,660,3.023,3.102,3.145,3.855,329.86,0,1
predicate_scan,duckdb,xs,98565,1,read,575,3.449,3.536,3.722,7.706,287.33,0,1
pull,duckdb,xs,98565,1,read,3502,0.559,0.623,0.650,1.373,1750.65,0,1
as_of,duckdb,xs,98565,1,read,229,8.746,8.885,9.041,9.619,114.05,0,1
since,duckdb,xs,98565,1,read,1567,1.262,1.350,1.396,2.175,783.46,0,1
input_bindings,duckdb,xs,98565,1,read,2084,0.922,0.998,1.030,1.758,1041.83,0,1
point_lookup,duckdb,xs,98565,1,read,3313,0.589,0.659,0.683,1.447,1656.49,0,2
ref_traversal,duckdb,xs,98565,1,read,756,2.622,2.846,2.905,3.684,377.70,0,2
aggregate,duckdb,xs,98565,1,read,660,3.028,3.088,3.135,3.651,329.80,0,2
predicate_scan,duckdb,xs,98565,1,read,572,3.471,3.546,3.774,7.706,285.53,0,2
pull,duckdb,xs,98565,1,read,3551,0.549,0.615,0.642,1.421,1775.42,0,2
as_of,duckdb,xs,98565,1,read,228,8.766,8.902,9.144,9.524,113.87,0,2
since,duckdb,xs,98565,1,read,1569,1.262,1.351,1.383,2.110,784.32,0,2
input_bindings,duckdb,xs,98565,1,read,2098,0.916,0.986,1.019,1.823,1048.89,0,2
point_lookup,duckdb,xs,98565,1,read,3343,0.584,0.653,0.676,1.351,1671.40,0,3
ref_traversal,duckdb,xs,98565,1,read,762,2.604,2.813,2.891,3.561,380.70,0,3
aggregate,duckdb,xs,98565,1,read,662,3.021,3.084,3.121,3.708,330.69,0,3
predicate_scan,duckdb,xs,98565,1,read,569,3.489,3.575,4.049,7.898,284.13,0,3
pull,duckdb,xs,98565,1,read,3565,0.548,0.614,0.644,1.639,1782.21,0,3
as_of,duckdb,xs,98565,1,read,228,8.767,8.931,8.986,9.645,113.82,0,3
since,duckdb,xs,98565,1,read,1582,1.251,1.343,1.375,2.034,790.68,0,3
input_bindings,duckdb,xs,98565,1,read,2091,0.919,0.991,1.031,1.658,1045.23,0,3
