t_s,op,count,p50_ms,p99_ms,throughput_ops_s
0,read,14,33115.504,34991.754,1.40
30,read,19,4.180,34827.469,1.90
60,read,39,3.641,33976.820,3.90
90,read,13,3.541,32457.816,1.30
100,read,6,32527.264,34439.449,0.60
120,read,1,32560.811,32560.811,0.10
130,read,29,3.706,34248.758,2.90
160,read,17,4.209,33430.641,1.70
170,read,2,33569.914,34144.070,0.20
190,read,19,3.490,33967.211,1.90
200,read,4,34042.734,34923.316,0.40
220,read,6,33209.980,35453.848,0.60
230,read,6,4.007,34916.910,0.60
240,read,2,4.038,35277.375,0.20
260,read,10,4.678,35671.992,1.00
270,read,7,4.109,35095.367,0.70
290,read,9,4.181,33669.812,0.90
300,read,12,1.420,36009.617,1.20
310,read,1,34552.152,34552.152,0.10
320,read,9,3.808,32521.414,0.90
330,read,14,1.295,34101.664,1.40
340,read,5,3.762,34158.367,0.50
360,read,26,1.196,32744.779,2.60
370,read,16,3.551,34237.988,1.60
390,read,10,3.519,33053.430,1.00
400,read,9,4.238,33738.797,0.90
410,read,1,34181.695,34181.695,0.10
420,read,11,4.095,32646.695,1.10
430,read,10,3.968,32072.861,1.00
440,read,4,3.691,33027.914,0.40
450,read,10,1.243,30303.246,1.00
460,read,2,3.707,30433.963,0.20
470,read,5,29483.893,31401.256,0.50
480,read,17,3.310,32072.637,1.70
490,read,4,1.138,30089.043,0.40
500,read,5,1.460,30945.213,0.50
510,read,16,1.333,31891.531,1.60
520,read,9,1.328,30396.438,0.90
530,read,2,29856.424,31159.264,0.20
540,read,18,3.390,33593.570,1.80
550,read,9,3.525,32553.195,0.90
560,read,7,3.994,33898.500,0.70
570,read,13,1.495,34832.863,1.30
580,read,3,3.857,34022.598,0.30
590,read,6,1.393,33534.754,0.60
600,read,22,1.017,32539.197,2.20
610,read,6,4.145,34575.957,0.60
620,read,2,32602.299,32700.105,0.20
630,read,13,1.304,34717.250,1.30
640,read,8,4.065,35800.070,0.80
650,read,12,3.862,35248.570,1.20
660,read,3,4.439,35308.809,0.30
670,read,9,4.278,35794.922,0.90
680,read,13,3.897,35235.406,1.30
690,read,4,3.716,33073.375,0.40
700,read,4,33083.859,35103.129,0.40
710,read,5,1.276,35628.344,0.50
720,read,10,1.132,35126.309,1.00
730,read,7,2.282,35217.164,0.70
740,read,7,4.004,35843.598,0.70
750,read,13,3.970,34850.484,1.30
770,read,12,3.730,34791.816,1.20
780,read,8,4.537,35045.441,0.80
790,read,7,0.959,34884.793,0.70
800,read,6,4.174,35013.605,0.60
810,read,4,4.502,34351.066,0.40
820,read,7,32424.830,34402.355,0.70
830,read,1,33832.512,33832.512,0.10
840,read,8,1.404,33741.352,0.80
850,read,10,3.773,34500.605,1.00
860,read,5,3.655,34360.871,0.50
870,read,15,3.958,33983.543,1.50
880,read,19,2.190,33722.828,1.90
890,read,5,3.983,35043.250,0.50
900,read,7,1.867,35295.570,0.70
910,read,4,1.489,33308.387,0.40
920,read,23,1.283,35605.699,2.30
930,read,6,1.186,34720.812,0.60
940,read,7,4.678,35918.984,0.70
950,read,9,4.183,33428.812,0.90
960,read,13,4.272,35359.902,1.30
970,read,2,34032.504,36391.621,0.20
980,read,5,33313.965,35896.895,0.50
990,read,1,35464.809,35464.809,0.10
1000,read,4,4.456,35946.121,0.40
1010,read,15,3.927,35841.629,1.50
1020,read,2,1.728,33547.352,0.20
1030,read,5,4.711,35876.402,0.50
1040,read,6,3.906,35596.031,0.60
1050,read,12,3.858,35263.301,1.20
1060,read,5,3.935,34949.480,0.50
1070,read,3,32859.758,33126.441,0.30
1080,read,14,3.963,35082.766,1.40
1100,read,8,1.428,34636.602,0.80
1110,read,22,1.284,35534.520,2.20
1120,read,5,4.443,35134.594,0.50
1130,read,3,32608.908,34058.621,0.30
1140,read,2,32472.611,32804.047,0.20
1150,read,8,4.537,35077.277,0.80
1170,read,14,3.776,32745.299,1.40
1180,read,19,3.927,23233.078,1.90
1190,read,6,3.917,21619.688,0.60
0,write,4563,2.192,2.851,456.30
10,write,3533,2.815,3.559,353.30
20,write,3034,3.299,3.839,303.40
30,write,4258,1.961,3.800,425.80
40,write,4977,2.049,2.442,497.70
50,write,4855,2.084,2.429,485.50
60,write,4625,2.147,2.550,462.50
70,write,5106,1.965,2.412,510.60
80,write,4832,2.086,2.491,483.20
90,write,4840,2.082,2.502,484.00
100,write,4747,2.075,2.528,474.70
110,write,4965,2.038,2.382,496.50
120,write,4742,2.126,2.530,474.20
130,write,4765,2.101,2.523,476.50
140,write,4879,2.064,2.490,487.90
150,write,4781,2.112,2.544,478.10
160,write,4780,2.067,2.508,478.00
170,write,4977,2.024,2.518,497.70
180,write,4794,2.098,2.511,479.40
190,write,4738,2.093,2.476,473.80
200,write,4823,2.101,2.462,482.30
210,write,4830,2.096,2.465,483.00
220,write,4664,2.135,2.509,466.40
230,write,4874,2.071,2.442,487.40
240,write,4821,2.099,2.499,482.10
250,write,4813,2.100,2.466,481.30
260,write,4763,2.086,2.463,476.30
270,write,4726,2.097,2.468,472.60
280,write,4884,2.067,2.450,488.40
290,write,4759,2.113,2.493,475.90
300,write,4748,2.118,2.481,474.80
310,write,4742,2.106,2.467,474.20
320,write,4711,2.143,2.505,471.10
330,write,4870,2.060,2.402,487.00
340,write,4781,2.084,2.471,478.10
350,write,4980,2.031,2.384,498.00
360,write,4933,2.041,2.454,493.30
370,write,4871,2.028,2.443,487.10
380,write,4926,2.046,2.430,492.60
390,write,4994,2.006,2.381,499.40
400,write,4821,2.067,2.509,482.10
410,write,4805,2.099,2.508,480.50
420,write,4924,2.015,2.398,492.40
430,write,4853,2.065,2.480,485.30
440,write,4981,2.023,2.433,498.10
450,write,5068,1.959,2.410,506.80
460,write,5027,1.992,2.467,502.70
470,write,5291,1.896,2.224,529.10
480,write,5056,1.954,2.427,505.60
490,write,5174,1.931,2.261,517.40
500,write,5229,1.917,2.268,522.90
510,write,5169,1.937,2.351,516.90
520,write,5175,1.927,2.326,517.50
530,write,5094,1.962,2.425,509.40
540,write,5134,1.922,2.398,513.40
550,write,5300,1.910,2.237,530.00
560,write,4868,2.050,2.487,486.80
570,write,4930,2.024,2.385,493.00
580,write,4921,2.045,2.587,492.10
590,write,4753,2.075,2.493,475.30
600,write,5028,2.001,2.354,502.80
610,write,4869,2.056,2.441,486.90
620,write,4943,2.026,2.420,494.30
630,write,4962,2.038,2.400,496.20
640,write,4779,2.075,2.464,477.90
650,write,4866,2.060,2.459,486.60
660,write,4900,2.066,2.413,490.00
670,write,4849,2.045,2.413,484.90
680,write,4724,2.124,2.517,472.40
690,write,4784,2.111,2.560,478.40
700,write,4706,2.112,2.475,470.60
710,write,4758,2.108,2.454,475.80
720,write,4824,2.069,2.449,482.40
730,write,4749,2.114,2.490,474.90
740,write,4768,2.093,2.491,476.80
750,write,4704,2.135,2.526,470.40
760,write,4705,2.148,2.513,470.50
770,write,4689,2.111,2.487,468.90
780,write,4854,2.083,2.446,485.40
790,write,4790,2.063,2.440,479.00
800,write,4795,2.098,2.467,479.50
810,write,4791,2.115,2.459,479.10
820,write,4719,2.105,2.473,471.90
830,write,4706,2.123,2.508,470.60
840,write,4865,2.074,2.461,486.50
850,write,4774,2.077,2.460,477.40
860,write,4796,2.082,2.452,479.60
870,write,4917,2.058,2.424,491.70
880,write,4734,2.090,2.474,473.40
890,write,4864,2.064,2.427,486.40
900,write,4794,2.110,2.486,479.40
910,write,4662,2.126,2.534,466.20
920,write,4697,2.137,2.535,469.70
930,write,4795,2.110,2.474,479.50
940,write,4702,2.107,2.497,470.20
950,write,4787,2.098,2.467,478.70
960,write,4744,2.129,2.512,474.40
970,write,4588,2.156,2.675,458.80
980,write,4676,2.128,2.532,467.60
990,write,4753,2.127,2.490,475.30
1000,write,4656,2.131,2.534,465.60
1010,write,4620,2.150,2.542,462.00
1020,write,4753,2.124,2.535,475.30
1030,write,4608,2.155,2.555,460.80
1040,write,4691,2.122,2.549,469.10
1050,write,4721,2.141,2.536,472.10
1060,write,4603,2.161,2.550,460.30
1070,write,4622,2.148,2.552,462.20
1080,write,4673,2.128,2.527,467.30
1090,write,4752,2.126,2.519,475.20
1100,write,4692,2.117,2.564,469.20
1110,write,4753,2.124,2.544,475.30
1120,write,4756,2.075,2.531,475.60
1130,write,4790,2.092,2.469,479.00
1140,write,4902,2.062,2.453,490.20
1150,write,4844,2.026,2.430,484.40
1160,write,5004,2.019,2.393,500.40
1170,write,5028,2.010,2.379,502.80
1180,write,4927,2.020,2.383,492.70
1190,write,4997,2.010,2.384,499.70
