concurrency_sweep,pg,l,98474009,1,read,682,20.094,23.797,24.581,27.267,68.20,0,1
concurrency_sweep,pg,l,98474009,8,read,5419,20.162,27.591,30.032,30.610,541.90,0,1
concurrency_sweep,pg,l,98474009,32,read,19652,20.138,30.179,30.616,55.913,1965.20,0,1
concurrency_sweep,pg,l,98474009,64,read,36731,20.898,30.521,30.986,58.979,3673.10,0,1
concurrency_sweep,pg,l,98474009,128,read,49902,29.146,55.391,67.439,388.359,4990.20,0,1
concurrency_sweep,pg,l,98474009,1,read,715,19.942,21.795,22.035,26.448,71.50,0,2
concurrency_sweep,pg,l,98474009,8,read,5543,20.155,22.102,29.820,31.535,554.30,0,2
concurrency_sweep,pg,l,98474009,32,read,19575,20.152,30.158,30.585,46.219,1957.50,0,2
concurrency_sweep,pg,l,98474009,64,read,36663,21.014,30.617,31.118,81.886,3666.30,0,2
concurrency_sweep,pg,l,98474009,128,read,49962,29.113,56.403,67.884,227.922,4996.20,0,2
concurrency_sweep,pg,l,98474009,1,read,711,20.072,22.342,23.188,24.775,71.10,0,3
concurrency_sweep,pg,l,98474009,8,read,5521,19.982,22.317,29.895,31.307,552.10,0,3
concurrency_sweep,pg,l,98474009,32,read,20104,20.034,30.070,30.656,53.234,2010.40,0,3
concurrency_sweep,pg,l,98474009,64,read,36567,21.099,30.615,31.103,105.549,3656.70,0,3
concurrency_sweep,pg,l,98474009,128,read,49088,29.170,58.743,69.335,165.335,4908.80,0,3
