concurrency_sweep,pg,s,984803,1,read,12643,0.768,1.226,1.286,4.400,1264.30,0,1
concurrency_sweep,pg,s,984803,8,read,103579,0.776,1.149,1.205,5.240,10357.90,0,1
concurrency_sweep,pg,s,984803,32,read,398993,0.790,1.214,1.280,9.770,39899.30,0,1
concurrency_sweep,pg,s,984803,64,read,653168,0.866,1.949,2.168,18.354,65316.80,0,1
concurrency_sweep,pg,s,984803,128,read,691855,1.508,3.500,4.108,47.764,69185.50,0,1
concurrency_sweep,pg,s,984803,1,read,13144,0.775,1.109,1.162,2.588,1314.40,0,2
concurrency_sweep,pg,s,984803,8,read,103992,0.776,1.148,1.209,5.189,10399.20,0,2
concurrency_sweep,pg,s,984803,32,read,396888,0.794,1.219,1.292,10.087,39688.80,0,2
concurrency_sweep,pg,s,984803,64,read,659258,0.872,1.900,2.163,18.972,65925.80,0,2
concurrency_sweep,pg,s,984803,128,read,692862,1.508,3.495,4.100,47.926,69286.20,0,2
concurrency_sweep,pg,s,984803,1,read,13311,0.769,1.096,1.146,2.732,1331.10,0,3
concurrency_sweep,pg,s,984803,8,read,104521,0.774,1.142,1.208,4.536,10452.10,0,3
concurrency_sweep,pg,s,984803,32,read,396795,0.796,1.218,1.284,9.818,39679.50,0,3
concurrency_sweep,pg,s,984803,128,read,691247,1.506,3.522,4.018,49.961,69124.70,0,3
concurrency_sweep,pg,m,9850258,1,read,5794,1.640,2.898,3.267,4.927,579.40,0,1
concurrency_sweep,pg,m,9850258,8,read,46831,1.668,2.784,3.035,9.524,4683.10,0,1
concurrency_sweep,pg,m,9850258,32,read,184827,1.709,2.714,2.973,10.765,18482.70,0,1
concurrency_sweep,pg,m,9850258,64,read,246672,2.594,5.081,5.567,16.558,24667.20,0,1
concurrency_sweep,pg,m,9850258,128,read,252169,3.667,12.905,30.467,304.537,25216.90,0,1
concurrency_sweep,pg,m,9850258,1,read,4968,1.813,3.413,5.525,15.388,496.80,0,2
concurrency_sweep,pg,m,9850258,8,read,26359,2.799,5.786,6.609,26.307,2635.90,0,2
concurrency_sweep,pg,m,9850258,32,read,69881,3.651,13.615,19.910,135.535,6988.10,0,2
concurrency_sweep,pg,m,9850258,64,read,267530,1.827,4.900,5.605,105.123,26753.00,0,2
concurrency_sweep,pg,m,9850258,128,read,352021,3.485,5.966,6.765,53.808,35202.10,0,2
concurrency_sweep,pg,m,9850258,1,read,6160,1.644,2.541,2.625,9.256,616.00,0,3
concurrency_sweep,pg,m,9850258,8,read,48096,1.664,2.607,2.704,9.556,4809.60,0,3
concurrency_sweep,pg,m,9850258,32,read,154579,1.785,4.608,5.188,12.826,15457.90,0,3
concurrency_sweep,pg,m,9850258,64,read,209844,3.038,5.608,6.080,40.899,20984.40,0,3
concurrency_sweep,pg,m,9850258,128,read,190561,4.844,18.185,30.501,268.733,19056.10,0,3
concurrency_sweep,pg,l,98474009,1,read,682,20.094,23.797,24.581,27.267,68.20,0,1
concurrency_sweep,pg,l,98474009,8,read,5419,20.162,27.591,30.032,30.610,541.90,0,1
concurrency_sweep,pg,l,98474009,32,read,19652,20.138,30.179,30.616,55.913,1965.20,0,1
concurrency_sweep,pg,l,98474009,64,read,36731,20.898,30.521,30.986,58.979,3673.10,0,1
concurrency_sweep,pg,l,98474009,128,read,49902,29.146,55.391,67.439,388.359,4990.20,0,1
concurrency_sweep,pg,l,98474009,1,read,715,19.942,21.795,22.035,26.448,71.50,0,2
concurrency_sweep,pg,l,98474009,8,read,5543,20.155,22.102,29.820,31.535,554.30,0,2
concurrency_sweep,pg,l,98474009,32,read,19575,20.152,30.158,30.585,46.219,1957.50,0,2
concurrency_sweep,pg,l,98474009,64,read,36663,21.014,30.617,31.118,81.886,3666.30,0,2
concurrency_sweep,pg,l,98474009,128,read,49962,29.113,56.403,67.884,227.922,4996.20,0,2
concurrency_sweep,pg,l,98474009,1,read,711,20.072,22.342,23.188,24.775,71.10,0,3
concurrency_sweep,pg,l,98474009,8,read,5521,19.982,22.317,29.895,31.307,552.10,0,3
concurrency_sweep,pg,l,98474009,32,read,20104,20.034,30.070,30.656,53.234,2010.40,0,3
concurrency_sweep,pg,l,98474009,64,read,36567,21.099,30.615,31.103,105.549,3656.70,0,3
concurrency_sweep,pg,l,98474009,128,read,49088,29.170,58.743,69.335,165.335,4908.80,0,3
