point_lookup,duckdb,s,984803,1,read,613,3.201,3.601,3.832,4.092,306.23,0,1
ref_traversal,duckdb,s,984803,1,read,193,10.374,11.201,11.849,12.822,96.09,0,1
aggregate,duckdb,s,984803,1,read,373,5.526,5.919,6.378,17.123,186.48,0,1
predicate_scan,duckdb,s,984803,1,read,49,40.311,44.350,45.777,45.777,24.46,0,1
pull,duckdb,s,984803,1,read,521,3.870,4.215,4.485,5.060,260.15,0,1
as_of,duckdb,s,984803,1,read,79,25.464,26.842,27.848,27.848,39.30,0,1
since,duckdb,s,984803,1,read,719,2.727,2.930,5.121,7.000,359.43,0,1
input_bindings,duckdb,s,984803,1,read,213,8.779,11.252,11.430,11.819,106.19,0,1
point_lookup,duckdb,s,984803,1,read,607,3.239,3.640,3.857,4.017,303.45,0,2
ref_traversal,duckdb,s,984803,1,read,191,10.465,11.280,12.270,12.286,95.33,0,2
aggregate,duckdb,s,984803,1,read,370,5.545,5.923,6.192,6.340,184.57,0,2
predicate_scan,duckdb,s,984803,1,read,49,40.526,45.293,45.834,45.834,24.40,0,2
pull,duckdb,s,984803,1,read,521,3.830,4.243,4.445,5.207,260.02,0,2
as_of,duckdb,s,984803,1,read,79,25.607,27.074,29.873,29.873,39.18,0,2
since,duckdb,s,984803,1,read,713,2.749,2.934,5.195,7.085,356.32,0,2
input_bindings,duckdb,s,984803,1,read,231,8.300,11.161,11.245,12.011,115.35,0,2
point_lookup,duckdb,s,984803,1,read,609,3.228,3.655,3.816,4.161,304.10,0,3
ref_traversal,duckdb,s,984803,1,read,194,10.352,11.188,11.833,12.541,96.78,0,3
aggregate,duckdb,s,984803,1,read,371,5.515,5.882,6.256,6.405,185.31,0,3
predicate_scan,duckdb,s,984803,1,read,49,40.426,45.011,45.441,45.441,24.45,0,3
pull,duckdb,s,984803,1,read,524,3.835,4.210,4.398,5.169,261.63,0,3
as_of,duckdb,s,984803,1,read,79,25.370,27.392,31.459,31.459,39.25,0,3
since,duckdb,s,984803,1,read,723,2.708,2.919,5.012,7.225,361.22,0,3
input_bindings,duckdb,s,984803,1,read,205,10.354,11.325,11.600,12.812,102.41,0,3
