point_lookup,duckdb,s,984803,1,read,3284,0.596,0.661,0.678,1.436,1641.96,0,1
ref_traversal,duckdb,s,984803,1,read,89,22.203,30.823,32.346,32.346,44.16,0,1
aggregate,duckdb,s,984803,1,read,67,30.072,30.260,32.215,32.215,33.20,0,1
predicate_scan,duckdb,s,984803,1,read,68,28.758,32.194,33.906,33.906,33.96,0,1
pull,duckdb,s,984803,1,read,3482,0.560,0.629,0.662,1.467,1740.94,0,1
as_of,duckdb,s,984803,1,read,30,88.404,90.068,90.565,90.565,11.30,0,1
since,duckdb,s,984803,1,read,377,5.250,5.419,7.730,9.612,188.47,0,1
input_bindings,duckdb,s,984803,1,read,1726,1.122,1.195,1.224,1.943,862.58,0,1
point_lookup,duckdb,s,984803,1,read,3267,0.598,0.670,0.699,1.417,1633.08,0,2
ref_traversal,duckdb,s,984803,1,read,87,22.386,32.306,40.381,40.381,43.26,0,2
aggregate,duckdb,s,984803,1,read,66,30.146,31.156,32.965,32.965,32.96,0,2
predicate_scan,duckdb,s,984803,1,read,67,29.599,34.133,37.522,37.522,32.95,0,2
pull,duckdb,s,984803,1,read,3304,0.590,0.658,0.718,1.959,1651.82,0,2
as_of,duckdb,s,984803,1,read,30,90.526,91.799,91.992,91.992,11.04,0,2
since,duckdb,s,984803,1,read,367,5.380,5.590,8.201,9.868,183.49,0,2
input_bindings,duckdb,s,984803,1,read,1648,1.171,1.299,1.519,2.061,823.87,0,2
point_lookup,duckdb,s,984803,1,read,3253,0.600,0.672,0.698,1.470,1626.44,0,3
ref_traversal,duckdb,s,984803,1,read,83,23.237,30.772,38.951,38.951,41.29,0,3
aggregate,duckdb,s,984803,1,read,65,31.033,32.220,33.497,33.497,32.07,0,3
predicate_scan,duckdb,s,984803,1,read,68,28.894,32.053,33.616,33.616,33.83,0,3
pull,duckdb,s,984803,1,read,3500,0.558,0.625,0.654,1.606,1749.51,0,3
as_of,duckdb,s,984803,1,read,30,88.566,89.277,90.164,90.164,11.29,0,3
since,duckdb,s,984803,1,read,380,5.211,5.336,7.759,9.482,189.76,0,3
input_bindings,duckdb,s,984803,1,read,1733,1.116,1.198,1.248,2.053,866.08,0,3
