backend,scale,n_datoms,load_s,datoms_per_s,analyze_s,vacuum_s,store_bytes,ceiling,note
embedded,s,984803,88.3,11150,,,166051840,0,
sqlite-ext,s,984803,167.4,5884,,,166051840,0,
pg,m,9850258,54.841900551,179611,1.294935932,1.383062478,8493931543,0,
embedded,m,9850258,180.0,54725,,,1687879680,0,
pg,s,984803,31.357345846,31405,.688812160,.351478552,840973335,0,
pg,l,98474009,750.531758097,131205,1.486366537,2.913036694,85055028247,0,
duckdb,s,984803,180.5,5457,,,166051840,0,
embedded,l,98474009,2338.0,42119,,,17496109056,0,
sqlite-ext,m,9850258,902.2,3546,,,,1,load cap hit after ~3199031 datoms (850 txs)
pg,xl,303006946,1472.189199867,205820,1.500556542,8.373685265,261716278295,0,
