scenario,backend,scale,n_datoms,clients,op,count,p50_ms,p95_ms,p99_ms,max_ms,throughput_ops_s,errors,rep
point_lookup,embedded,s,984803,1,read,512356,0.019,0.021,0.025,0.381,51235.57,0,1
ref_traversal,embedded,s,984803,1,read,444,22.776,24.141,24.359,24.601,44.36,0,1
aggregate,embedded,s,984803,1,read,318,31.432,31.776,32.522,48.688,31.74,0,1
predicate_scan,embedded,s,984803,1,read,416,24.037,24.255,24.381,25.100,41.59,0,1
pull,embedded,s,984803,1,read,274799,0.036,0.041,0.050,0.396,27479.85,0,1
as_of,embedded,s,984803,1,read,114,88.013,88.699,88.949,89.076,11.36,0,1
since,embedded,s,984803,1,read,2403,4.159,4.259,4.303,4.591,240.20,0,1
input_bindings,embedded,s,984803,1,read,25631,0.383,0.429,0.438,0.530,2563.02,0,1
point_lookup,embedded,s,984803,1,read,511305,0.019,0.021,0.025,12.271,51130.49,0,2
ref_traversal,embedded,s,984803,1,read,450,22.575,23.163,23.340,23.643,44.94,0,2
aggregate,embedded,s,984803,1,read,325,30.737,31.423,31.592,31.771,32.46,0,2
predicate_scan,embedded,s,984803,1,read,426,23.796,24.111,24.205,25.094,42.51,0,2
pull,embedded,s,984803,1,read,271614,0.036,0.041,0.050,0.385,27161.38,0,2
as_of,embedded,s,984803,1,read,114,88.058,88.805,89.195,89.640,11.36,0,2
since,embedded,s,984803,1,read,2393,4.168,4.268,4.310,19.296,239.23,0,2
input_bindings,embedded,s,984803,1,read,25617,0.383,0.429,0.437,0.502,2561.67,0,2
point_lookup,embedded,s,984803,1,read,512478,0.019,0.021,0.025,0.374,51247.74,0,3
ref_traversal,embedded,s,984803,1,read,456,22.421,22.998,23.245,23.460,45.54,0,3
aggregate,embedded,s,984803,1,read,321,31.214,31.567,31.763,32.356,32.01,0,3
predicate_scan,embedded,s,984803,1,read,417,24.003,24.215,24.431,24.921,41.65,0,3
pull,embedded,s,984803,1,read,269490,0.036,0.041,0.051,15.235,26948.97,0,3
as_of,embedded,s,984803,1,read,114,88.155,88.838,89.335,89.366,11.35,0,3
since,embedded,s,984803,1,read,2409,4.146,4.243,4.278,4.661,240.87,0,3
input_bindings,embedded,s,984803,1,read,25671,0.383,0.428,0.438,0.509,2567.02,0,3
concurrency_sweep,embedded,s,984803,1,read,1367,0.122,22.847,23.184,23.586,136.63,0,1
concurrency_sweep,embedded,s,984803,8,read,9986,0.085,24.433,24.741,42.487,996.27,0,1
concurrency_sweep,embedded,s,984803,32,read,21040,0.104,54.537,64.187,93.754,2095.34,0,1
concurrency_sweep,embedded,s,984803,64,read,21084,0.103,123.646,145.024,175.393,2090.95,0,1
concurrency_sweep,embedded,s,984803,128,read,21156,0.101,234.591,274.945,335.471,2090.72,0,1
concurrency_sweep,embedded,s,984803,1,read,1367,0.114,22.917,23.208,23.830,136.51,0,2
concurrency_sweep,embedded,s,984803,8,read,9980,0.081,24.467,24.735,26.314,995.82,0,2
concurrency_sweep,embedded,s,984803,32,read,21036,0.101,54.502,64.380,94.136,2095.38,0,2
concurrency_sweep,embedded,s,984803,64,read,21054,0.103,115.099,144.955,185.391,2093.01,0,2
concurrency_sweep,embedded,s,984803,128,read,21260,0.103,244.738,284.737,385.131,2101.46,0,2
concurrency_sweep,embedded,s,984803,1,read,1414,0.073,22.693,22.913,23.304,141.29,0,3
concurrency_sweep,embedded,s,984803,8,read,10187,0.077,24.428,24.727,26.542,1016.61,0,3
concurrency_sweep,embedded,s,984803,32,read,21148,0.100,54.471,64.130,94.872,2106.10,0,3
concurrency_sweep,embedded,s,984803,64,read,21553,0.098,114.679,144.826,174.121,2141.52,0,3
concurrency_sweep,embedded,s,984803,128,read,21752,0.101,235.201,294.709,731.372,2145.45,0,3
cold_vs_warm,embedded,s,984803,1,open,1,44.886,44.886,44.886,44.886,22.28,0,1
cold_vs_warm,embedded,s,984803,1,cold_point_lookup,1,8.894,8.894,8.894,8.894,112.43,0,1
cold_vs_warm,embedded,s,984803,1,warm_point_lookup,30,0.020,1.126,1.385,1.385,7225.18,0,1
cold_vs_warm,embedded,s,984803,1,cold_ref_traversal,1,523.707,523.707,523.707,523.707,1.91,0,1
cold_vs_warm,embedded,s,984803,1,warm_ref_traversal,30,24.840,98.729,132.994,132.994,27.91,0,1
cold_vs_warm,embedded,s,984803,1,cold_pull,1,4.608,4.608,4.608,4.608,216.99,0,1
cold_vs_warm,embedded,s,984803,1,warm_pull,30,1.416,4.676,5.348,5.348,507.85,0,1
cold_vs_warm,embedded,s,984803,1,cold_aggregate,1,41.181,41.181,41.181,41.181,24.28,0,1
cold_vs_warm,embedded,s,984803,1,warm_aggregate,30,31.196,31.599,31.667,31.667,32.01,0,1
write_mixed,embedded,s,984803,8,read,35438,12.016,29.232,39.505,88.757,590.26,0,1
write_mixed,embedded,s,984803,1,write,17128,3.451,4.078,4.897,24.129,285.46,0,1
write_mixed,embedded,s,984803,8,read,34616,10.211,31.361,41.230,110.381,576.71,0,2
write_mixed,embedded,s,984803,1,write,17647,3.392,3.815,4.040,20.543,294.10,0,2
write_mixed,embedded,s,984803,8,read,34668,7.116,30.983,41.274,115.521,577.49,0,3
write_mixed,embedded,s,984803,1,write,18002,3.317,3.737,3.918,22.434,300.02,0,3
point_lookup,embedded,m,9850258,1,read,511763,0.019,0.022,0.025,0.139,51176.23,0,1
ref_traversal,embedded,m,9850258,1,read,35,290.191,307.288,318.529,318.529,3.43,0,1
aggregate,embedded,m,9850258,1,read,30,371.578,373.067,373.500,373.500,2.69,0,1
predicate_scan,embedded,m,9850258,1,read,38,267.463,270.297,288.331,288.331,3.73,0,1
pull,embedded,m,9850258,1,read,226729,0.044,0.052,0.061,0.421,22672.85,0,1
as_of,embedded,m,9850258,1,read,30,1038.771,1046.389,1048.051,1048.051,0.96,0,1
since,embedded,m,9850258,1,read,191,52.509,52.943,54.645,72.833,19.01,0,1
input_bindings,embedded,m,9850258,1,read,4678,2.123,2.276,2.348,2.531,467.76,0,1
point_lookup,embedded,m,9850258,1,read,504450,0.019,0.022,0.025,0.110,50445.00,0,2
ref_traversal,embedded,m,9850258,1,read,34,301.581,315.503,317.436,317.436,3.35,0,2
aggregate,embedded,m,9850258,1,read,30,373.324,374.978,374.999,374.999,2.68,0,2
predicate_scan,embedded,m,9850258,1,read,37,275.698,278.010,278.134,278.134,3.62,0,2
pull,embedded,m,9850258,1,read,226901,0.044,0.052,0.061,0.236,22690.01,0,2
as_of,embedded,m,9850258,1,read,30,1040.567,1046.178,1046.838,1046.838,0.96,0,2
since,embedded,m,9850258,1,read,191,52.527,52.953,53.758,54.534,19.04,0,2
input_bindings,embedded,m,9850258,1,read,4664,2.127,2.281,2.354,17.135,466.31,0,2
point_lookup,embedded,m,9850258,1,read,508308,0.019,0.022,0.025,0.092,50830.70,0,3
ref_traversal,embedded,m,9850258,1,read,35,289.033,305.895,306.863,306.863,3.44,0,3
aggregate,embedded,m,9850258,1,read,30,370.076,371.960,372.358,372.358,2.70,0,3
predicate_scan,embedded,m,9850258,1,read,37,275.251,277.258,277.258,277.258,3.63,0,3
pull,embedded,m,9850258,1,read,227286,0.044,0.052,0.061,0.169,22728.51,0,3
as_of,embedded,m,9850258,1,read,30,1039.682,1046.917,1068.636,1068.636,0.96,0,3
since,embedded,m,9850258,1,read,191,52.427,52.832,54.772,55.074,19.09,0,3
input_bindings,embedded,m,9850258,1,read,4675,2.125,2.277,2.342,2.429,467.49,0,3
concurrency_sweep,embedded,m,9850258,1,read,102,0.184,303.120,306.010,306.657,10.18,0,1
concurrency_sweep,embedded,m,9850258,8,read,742,0.168,325.203,330.310,411.314,72.31,0,1
concurrency_sweep,embedded,m,9850258,32,read,1639,0.176,663.782,707.502,765.435,157.06,0,1
concurrency_sweep,embedded,m,9850258,64,read,1798,0.148,1584.480,1683.532,1784.920,166.72,0,1
concurrency_sweep,embedded,m,9850258,128,read,1792,0.156,2814.206,3058.209,3299.297,160.37,0,1
concurrency_sweep,embedded,m,9850258,1,read,116,0.150,298.813,301.219,304.502,11.50,0,2
concurrency_sweep,embedded,m,9850258,8,read,727,0.169,324.233,330.539,396.560,70.87,0,2
concurrency_sweep,embedded,m,9850258,32,read,1657,0.168,660.485,698.131,762.427,158.94,0,2
concurrency_sweep,embedded,m,9850258,64,read,1698,0.143,1358.697,1541.289,1696.276,158.79,0,2
concurrency_sweep,embedded,m,9850258,128,read,1755,0.162,2726.246,2920.503,3059.191,157.08,0,2
concurrency_sweep,embedded,m,9850258,1,read,108,0.162,300.034,305.347,306.313,10.59,0,3
concurrency_sweep,embedded,m,9850258,8,read,749,0.160,324.908,330.605,373.532,73.22,0,3
concurrency_sweep,embedded,m,9850258,32,read,1587,0.176,661.280,701.176,772.484,152.93,0,3
concurrency_sweep,embedded,m,9850258,64,read,1725,0.148,1542.901,1648.027,1707.649,160.98,0,3
concurrency_sweep,embedded,m,9850258,128,read,1817,0.158,2836.596,3005.094,3279.165,160.97,0,3
cold_vs_warm,embedded,m,9850258,1,open,1,50.201,50.201,50.201,50.201,19.92,0,1
cold_vs_warm,embedded,m,9850258,1,cold_point_lookup,1,12.646,12.646,12.646,12.646,79.07,0,1
cold_vs_warm,embedded,m,9850258,1,warm_point_lookup,30,1.080,2.573,2.592,2.592,928.47,0,1
cold_vs_warm,embedded,m,9850258,1,cold_ref_traversal,1,4940.682,4940.682,4940.682,4940.682,0.20,0,1
cold_vs_warm,embedded,m,9850258,1,warm_ref_traversal,30,392.530,477.170,520.620,520.620,2.49,0,1
cold_vs_warm,embedded,m,9850258,1,cold_pull,1,1.421,1.421,1.421,1.421,703.82,0,1
cold_vs_warm,embedded,m,9850258,1,warm_pull,30,5.078,8.393,8.643,8.643,185.97,0,1
cold_vs_warm,embedded,m,9850258,1,cold_aggregate,1,4984.030,4984.030,4984.030,4984.030,0.20,0,1
cold_vs_warm,embedded,m,9850258,1,warm_aggregate,30,374.378,375.532,375.533,375.533,2.67,0,1
write_mixed,embedded,m,9850258,8,read,2486,7.459,486.431,756.103,1576.980,40.91,0,1
write_mixed,embedded,m,9850258,1,write,10020,5.542,9.924,13.249,30.539,167.00,0,1
write_mixed,embedded,m,9850258,8,read,2234,6.090,585.528,1148.797,2075.728,36.93,0,2
write_mixed,embedded,m,9850258,1,write,15646,3.327,6.973,8.611,25.330,260.76,0,2
write_mixed,embedded,m,9850258,8,read,1994,6.323,675.526,1459.544,3432.350,32.99,0,3
write_mixed,embedded,m,9850258,1,write,17146,3.410,3.922,6.439,13.058,285.75,0,3
