scenario,n_datoms,engine,op,p50_ms,p95_ms,p99_ms
100k,120638,mentat,load,30427,30427,30427
100k,120638,eav,load,5155,5155,5155
100k,120638,mentat,q1_point_lookup,11.676,11.811,11.935
100k,120638,eav,q1_point_lookup,3.544,3.683,3.835
100k,120638,mentat,q2_ref_traversal,16.583,1445.305,1446.894
100k,120638,eav,q2_ref_traversal,6.634,6.761,6.864
100k,120638,mentat,q3_aggregate,24.524,24.824,24.959
100k,120638,eav,q3_aggregate,5.680,5.806,5.872
100k,120638,mentat,q4_predicate,32.241,32.798,32.929
100k,120638,eav,q4_predicate,12.283,12.585,12.704
300k,368871,mentat,load,98641,98641,98641
300k,368871,eav,load,15546,15546,15546
300k,368871,mentat,q1_point_lookup,11.819,11.953,12.221
300k,368871,eav,q1_point_lookup,3.515,3.630,3.838
300k,368871,mentat,q2_ref_traversal,16.342,16.487,16.594
300k,368871,eav,q2_ref_traversal,6.761,6.905,6.955
300k,368871,mentat,q3_aggregate,64.167,64.813,65.258
300k,368871,eav,q3_aggregate,10.231,10.400,10.446
300k,368871,mentat,q4_predicate,68.592,69.480,69.591
300k,368871,eav,q4_predicate,24.331,24.737,25.220
1M,1219419,mentat,load,330302,330302,330302
1M,1219419,eav,load,52051,52051,52051
1M,1219419,mentat,q1_point_lookup,11.961,12.217,12.458
1M,1219419,eav,q1_point_lookup,3.812,3.924,4.122
1M,1219419,mentat,q2_ref_traversal,17.030,17.414,17.605
1M,1219419,eav,q2_ref_traversal,7.213,7.455,7.568
1M,1219419,mentat,q3_aggregate,176.727,177.221,177.332
1M,1219419,eav,q3_aggregate,25.439,25.756,25.913
1M,1219419,mentat,q4_predicate,189.670,196.487,196.924
1M,1219419,eav,q4_predicate,40.247,40.911,41.276
